[ 0.00368934 -0.04062994],[ 0.00368933 -0.99999319]
[ 0.04196781 -0.16683665],[ 0.04195549 -0.99911948]
[-0.00081264  0.02406576],[-8.1263629e-04 -9.9999967e-01]
[-0.1769724  -0.03702868],[-0.17605007 -0.98438121]
[0.07227127 0.22749039],[ 0.07220837 -0.99738957]
[-0.02080277 -0.01752269],[-0.02080127 -0.99978363]
[ 0.00284507 -0.11413263],[ 0.00284506 -0.99999595]
[ 0.00179358 -0.02764866],[ 0.00179358 -0.99999839]
[-0.06419879 -0.52532843],[-0.0641547  -0.99793997]
[0.01209628 0.04440751],[ 0.01209599 -0.99992684]
[ 0.00461791 -0.06809216],[ 0.00461789 -0.99998934]
[-0.00187777 -0.02198002],[-0.00187777 -0.99999824]
[-0.02761291  0.0696688 ],[-0.0276094  -0.99961879]
[-0.02434792  0.04959895],[-0.02434551 -0.9997036 ]
[-0.01066404  0.00125318],[-0.01066384 -0.99994314]
[ 0.43694381 -0.48691689],[ 0.42317239 -0.90604919]
[-0.06817462  0.12654773],[-0.06812182 -0.99767701]
[0.00796004 0.03537901],[ 0.00795996 -0.99996832]
[-0.01592785 -0.00197753],[-0.01592718 -0.99987315]
[-0.61651386 -0.79085485],[-0.57819434 -0.81589908]
[0.34093368 0.08865135],[ 0.33436718 -0.94244288]
[ 0.008257   -0.01835704],[ 0.00825691 -0.99996591]
[-0.00223689 -0.07590406],[-0.00223689 -0.9999975 ]
[0.00149266 0.03557194],[ 0.00149266 -0.99999889]
[0.0834603  0.00337118],[ 0.08336344 -0.99651921]
[-0.00207126  0.01885281],[-0.00207126 -0.99999785]
[-0.22144163  0.45366341],[-0.21963627 -0.97558183]
[-0.00423139 -0.03504324],[-0.00423138 -0.99999105]
[ 0.02778093 -0.17032229],[ 0.02777735 -0.99961413]
[-0.02093801  0.15061316],[-0.02093648 -0.99978081]
[-0.03002088  0.07889771],[-0.03001637 -0.99954941]
[-0.05717448  0.64240571],[-0.05714334 -0.99836598]
[-0.01342026  0.17572763],[-0.01341986 -0.99990995]
[ 0.01082477 -0.08820276],[ 0.01082455 -0.99994141]
[-0.00340499 -0.93965883],[-0.00340498 -0.9999942 ]
[0.12440161 0.02863561],[ 0.12408099 -0.99227209]
[-0.00300971 -0.08368772],[-0.0030097  -0.99999547]
[0.01636429 0.0113702 ],[ 0.01636356 -0.99986611]
[0.07618594 0.10722286],[ 0.07611226 -0.99709925]
[-0.03214114  0.28191942],[-0.03213561 -0.99948352]
[ 0.00870056 -0.08090622],[ 0.00870045 -0.99996215]
[0.24355871 0.42818967],[ 0.24115782 -0.97048591]
[0.0174619  0.05671264],[ 0.01746102 -0.99984754]
[-0.03850963 -0.02494941],[-0.03850011 -0.9992586 ]
[ 0.00232393 -0.12626895],[ 0.00232393 -0.9999973 ]
[-0.00619819  0.01106417],[-0.00619815 -0.99998079]
[ 0.11071435 -0.25545118],[ 0.1104883  -0.99387742]
[-6.46236886e-03  2.05323909e-05],[-0.00646232 -0.99997912]
[ 0.07602685 -0.16263119],[ 0.07595363 -0.99711135]
[-0.00769321  0.0055851 ],[-0.00769314 -0.99997041]
[-0.33172778 -0.90897947],[-0.3256771  -0.94548106]
[-0.00425401 -0.00990645],[-0.004254   -0.99999095]
[ 0.00373628 -0.08407927],[ 0.00373628 -0.99999302]
[-0.10660729 -1.08923531],[-0.10640547 -0.99432282]
[ 0.03688681 -0.328196  ],[ 0.03687845 -0.99931976]
[0.00236486 0.01804245],[ 0.00236485 -0.9999972 ]
[-0.39370401 -1.41188035],[-0.38361167 -0.9234945 ]
[0.06512749 0.24842242],[ 0.06508146 -0.99787995]
[0.05033148 0.01412123],[ 0.05031023 -0.99873364]
[-0.01187955 -0.22626455],[-0.01187927 -0.99992944]
[0.01012713 0.00211018],[ 0.01012695 -0.99994872]
[ 0.1305792  -0.13842082],[ 0.13020843 -0.99148664]
[ 0.09826028 -1.38258883],[ 0.09810224 -0.99517634]
[-0.01590026 -0.00354152],[-0.01589959 -0.99987359]
[-0.02123522 -0.01128942],[-0.02123362 -0.99977454]
[0.04852061 0.15180995],[ 0.04850157 -0.99882311]
[-0.00520174  0.00296663],[-0.00520171 -0.99998647]
[-0.00549963 -0.08218548],[-0.0054996  -0.99998488]
[ 0.01361739 -0.005068  ],[ 0.01361697 -0.99990728]
[0.22762257 0.05040337],[ 0.22566206 -0.97420564]
[0.04880915 0.87585439],[ 0.04878978 -0.99880907]
[-0.08103902  0.31922756],[-0.08095035 -0.99671814]
[0.62668473 0.98368432],[ 0.5864627  -0.80997624]
[-0.00534814 -0.01143781],[-0.00534811 -0.9999857 ]
[ 0.04497952 -0.07174541],[ 0.04496436 -0.99898859]
[0.02935713 0.02710082],[ 0.02935292 -0.99956911]
[-0.16351795 -2.02994222],[-0.16279023 -0.9866607 ]
[-0.00129252  0.02390718],[-0.00129252 -0.99999916]
[-0.0379349  -0.03250673],[-0.03792581 -0.99928056]
[ 0.01593901 -0.016176  ],[ 0.01593833 -0.99987298]
[ 0.01988806 -0.03373457],[ 0.01988675 -0.99980224]
[-0.16880412 -0.31395692],[-0.16800359 -0.98578638]
[-0.0164547   0.08547565],[-0.01645395 -0.99986462]
[-0.01433725 -0.1461406 ],[-0.01433676 -0.99989722]
[-0.1445183   0.50043688],[-0.14401577 -0.98957539]
[-0.04439513 -0.09200711],[-0.04438055 -0.9990147 ]
[-0.00297942 -0.03266316],[-0.00297942 -0.99999556]
[-0.00316262  0.01741739],[-0.00316261 -0.999995  ]
[-0.24435118  0.66185696],[-0.24192683 -0.9702945 ]
[0.00386959 0.04674876],[ 0.00386958 -0.99999251]
[-0.00093755 -0.03767188],[-9.37546411e-04 -9.99999561e-01]
[-0.01111353 -0.02151091],[-0.01111331 -0.99993825]
[ 0.02983865 -0.12627124],[ 0.02983422 -0.99955486]
[ 0.01105381 -0.00602357],[ 0.01105358 -0.99993891]
[0.20792702 0.58606583],[ 0.20643202 -0.97846095]
[ 0.33214152 -1.63723489],[ 0.32606825 -0.94534623]
[0.33240801 0.25185336],[ 0.32632017 -0.9452593 ]
[-0.00315742 -0.02590288],[-0.00315741 -0.99999502]
[ 0.0807581  -1.89696083],[ 0.08067034 -0.99674084]
[-0.00962486 -0.0023068 ],[-0.00962471 -0.99995368]
[ 0.00427705 -0.01911483],[ 0.00427704 -0.99999085]
[-0.04045707  0.27206332],[-0.04044604 -0.99918172]
[ 0.00289401 -0.01675184],[ 0.00289401 -0.99999581]
[-0.00453587 -0.03892052],[-0.00453585 -0.99998971]
[-0.00246239  0.0393238 ],[-0.00246238 -0.99999697]
[0.04440326 0.07595466],[ 0.04438867 -0.99901434]
[-0.74431037 -0.007893  ],[-0.67746471 -0.73555528]
[-0.01901571  0.0132393 ],[-0.01901457 -0.99981921]
[-0.00020295 -0.09341338],[-2.02953936e-04 -9.99999979e-01]
[-0.27849932  0.2902136 ],[-0.27491311 -0.96146908]
[-0.13089046  0.02655751],[-0.13051703 -0.99144607]
[0.04057433 0.02492669],[ 0.0405632  -0.99917697]
[0.16220239 1.72221227],[ 0.16149208 -0.98687401]
[-0.00443333  0.052445  ],[-0.00443331 -0.99999017]
[0.00749676 0.00148782],[ 0.00749669 -0.9999719 ]
[0.00904651 0.03853174],[ 0.00904639 -0.99995908]
[-0.1109616  -0.22016987],[-0.11073404 -0.99385008]
[0.00677135 0.00176752],[ 0.0067713  -0.99997707]
[-0.00756662  0.0070699 ],[-0.00756655 -0.99997137]
[-0.01044872 -0.30866775],[-0.01044853 -0.99994541]
[-0.02734085 -0.08933476],[-0.02733744 -0.99962626]
[ 0.37592529 -2.06315011],[ 0.36713337 -0.93016831]
[-0.00838271 -0.15120022],[-0.00838261 -0.99996487]
[ 0.06075558 -0.09708777],[ 0.06071821 -0.99815495]
[ 0.02183648 -0.06652826],[ 0.02183475 -0.99976159]
[0.002544   0.01778374],[ 0.002544   -0.99999676]
[0.01368037 0.00298289],[ 0.01367994 -0.99990643]
[0.00818362 1.20804669],[ 0.00818353 -0.99996651]
[-0.20450057 -0.22704902],[-0.20307816 -0.97916253]
[-0.08459672 -0.14960808],[-0.08449585 -0.99642383]
[ 0.07498278 -1.1331007 ],[ 0.07491254 -0.99719011]
[-0.04670717  0.5846562 ],[-0.04669019 -0.99890942]
[-0.00366843 -0.02518192],[-0.00366842 -0.99999327]
[0.01015917 0.03559224],[ 0.010159  -0.9999484]
[-0.27872521  0.87560766],[-0.27513028 -0.96140695]
[-0.01296004  0.07081349],[-0.01295967 -0.99991602]
[0.19102341 1.0301834 ],[ 0.18986379 -0.98181044]
[0.00138871 0.05919381],[ 0.00138871 -0.99999904]
[0.01912763 0.10194164],[ 0.01912647 -0.99981707]
[-0.00703233  0.00393848],[-0.00703227 -0.99997527]
[-0.20422782 -0.53322286],[-0.20281109 -0.97921788]
[ 0.38532879 -0.79685377],[ 0.37586384 -0.9266749 ]
[-0.46332266 -0.87235062],[-0.44692293 -0.89457246]
[-0.56285629  1.45794365],[-0.53360403 -0.84573444]
[ 0.10120726 -0.0404541 ],[ 0.10103457 -0.99488292]
[ 0.00768337 -0.69565995],[ 0.0076833  -0.99997048]
[ 0.12457055 -0.02016691],[ 0.12424862 -0.99225112]
[ 0.03037212 -0.01161754],[ 0.03036745 -0.9995388 ]
[0.45786413 0.24814468],[ 0.44203325 -0.89699867]
[-0.05061366  0.18946782],[-0.05059205 -0.9987194 ]
[-0.12642078 -0.31091775],[-0.1260843  -0.99201953]
[-0.03494552  0.27890963],[-0.03493841 -0.99938947]
[-0.01300146 -0.0032427 ],[-0.01300109 -0.99991548]
[0.06870185 1.45686483],[ 0.06864782 -0.99764096]
[-0.01402478  0.05067495],[-0.01402432 -0.99990165]
[ 0.01924091 -0.37780419],[ 0.01923972 -0.9998149 ]
[-0.05200781 -0.38255941],[-0.05198436 -0.9986479 ]
[ 0.17446878 -1.84382238],[ 0.17358501 -0.98481889]
[-0.01721952  0.04022525],[-0.01721867 -0.99985175]
[0.00737845 0.00442198],[ 0.00737838 -0.99997278]
[-0.08816358  0.76903714],[-0.08804941 -0.99611611]
[0.24046209 0.24027039],[ 0.23815144 -0.97122803]
[-0.05779067  0.16890018],[-0.0577585  -0.99833058]
[-0.37226336  0.43930451],[-0.3637247  -0.93150649]
[-0.01568431  0.00889528],[-0.01568367 -0.999877  ]
[ 0.10762141 -0.88888108],[ 0.10741377 -0.9942144 ]
[-0.11138655  0.12717495],[-0.11115636 -0.99380293]
[ 0.02803939 -0.07686001],[ 0.02803571 -0.99960692]
[ 0.11321551 -0.2447396 ],[ 0.11297381 -0.99359797]
[-0.00069059  0.04404693],[-6.90587131e-04 -9.99999762e-01]
[-0.00464235 -0.0234517 ],[-0.00464234 -0.99998922]
[-0.1211698  -0.84726698],[-0.12087351 -0.99266792]
[-0.04697082  0.03178547],[-0.04695355 -0.99889707]
[-0.00264292  0.01610231],[-0.00264292 -0.99999651]
[ 0.03301563 -0.09812202],[ 0.03300963 -0.99945503]
[ 0.44160707 -0.44565986],[ 0.42739292 -0.90406598]
[ 0.00277469 -0.0334275 ],[ 0.00277468 -0.99999615]
[-0.31609321  1.3436459 ],[-0.3108557  -0.95045712]
[ 0.13062842 -0.24468889],[ 0.13025723 -0.99148023]
[-0.16107076  0.23096254],[-0.1603752  -0.98705613]
[-0.03556744 -0.00049893],[-0.03555994 -0.99936755]
[-0.02573518  0.09216866],[-0.02573234 -0.99966887]
[0.00549368 0.00267749],[ 0.00549365 -0.99998491]
[0.33348468 1.67713282],[ 0.32733771 -0.94490742]
[-0.00903805 -0.01065948],[-0.00903793 -0.99995916]
[-0.01788969  0.15411823],[-0.01788873 -0.99983998]
[-0.00225883  0.01865916],[-0.00225883 -0.99999745]
[ 0.02156043 -0.10908802],[ 0.02155876 -0.99976758]
[-0.00945711 -0.00607232],[-0.00945697 -0.99995528]
[-0.01437485 -0.03214851],[-0.01437435 -0.99989668]
[0.01438675 0.05535021],[ 0.01438626 -0.99989651]
[-0.05617652  0.10143495],[-0.05614698 -0.99842251]
[0.31847999 0.63989858],[ 0.31312335 -0.94971246]
[-0.19019384  0.14954887],[-0.18904924 -0.98196761]
[-0.43578208 -0.22080941],[-0.42211951 -0.90654019]
[ 0.26133683 -0.30564934],[ 0.25837222 -0.96604544]
[ 0.00447168 -0.01586289],[ 0.00447167 -0.99999   ]
[0.00611371 0.00197981],[ 0.00611367 -0.99998131]
[ 0.0015164  -0.02778331],[ 0.0015164  -0.99999885]
[-0.10694584 -0.02676342],[-0.10674209 -0.99428674]
[-0.05307551  0.00772016],[-0.05305059 -0.99859183]
[0.00918188 0.02033809],[ 0.00918175 -0.99995785]
[-0.35992199 -0.02065134],[-0.35220122 -0.9359243 ]
[-0.01734882 -0.00970668],[-0.01734795 -0.99984951]
[0.01907845 0.06339499],[ 0.01907729 -0.99981801]
[ 0.03312345 -0.0214555 ],[ 0.0331174  -0.99945147]
[-0.01006782  0.05157479],[-0.01006765 -0.99994932]
[-0.04526329  0.11632074],[-0.04524783 -0.99897579]
[-0.00951315 -0.00513616],[-0.00951301 -0.99995475]
[-0.01190208 -0.09508583],[-0.0119018  -0.99992917]
[0.0158565  0.03020482],[ 0.01585583 -0.99987429]
[-0.02033432  0.06459807],[-0.02033292 -0.99979326]
[-0.04996596 -0.16295242],[-0.04994518 -0.99875196]
[0.0272225  0.19906794],[ 0.02721914 -0.99962949]
[0.0288626  0.05558964],[ 0.0288586 -0.9995835]
[0.02802513 0.15332485],[ 0.02802146 -0.99960732]
[0.00553971 0.0124088 ],[ 0.00553968 -0.99998466]
[0.02209703 0.0155562 ],[ 0.02209523 -0.99975587]
[-0.02335197  0.01453748],[-0.02334985 -0.99972736]
[ 0.32484772 -0.33197475],[ 0.31916448 -0.94769934]
[-0.02362881  0.32139822],[-0.02362661 -0.99972085]
[ 0.00788081 -0.01466233],[ 0.00788073 -0.99996895]
[-0.26015526  1.44967269],[-0.25723059 -0.96635005]
[-0.00904624 -0.02390749],[-0.00904611 -0.99995908]
[-0.07415534 -0.19746417],[-0.0740874  -0.99725175]
[ 0.16116733 -1.4889665 ],[ 0.16047052 -0.98704063]
[0.02299895 0.14288361],[ 0.02299692 -0.99973554]
[0.08621012 0.75306289],[ 0.08610337 -0.99628621]
[-0.01047096  0.02418016],[-0.01047077 -0.99994518]
[0.01070706 0.01973221],[ 0.01070686 -0.99994268]
[0.01669251 0.03744372],[ 0.01669174 -0.99986068]
[-0.00602971  0.01959386],[-0.00602968 -0.99998182]
[ 0.04876833 -0.17858737],[ 0.048749   -0.99881106]
[-0.07735494 -0.38862439],[-0.07727782 -0.9970096 ]
[ 0.00680094 -0.02764414],[ 0.00680089 -0.99997687]
[0.00996329 0.00607342],[ 0.00996313 -0.99995037]
[3.26942440e-05 4.86737915e-02],[ 3.26942440e-05 -9.99999999e-01]
[-0.00198869  0.06567371],[-0.00198869 -0.99999802]
[ 0.00756413 -0.01068528],[ 0.00756406 -0.99997139]
[ 0.11015345 -0.18212399],[ 0.10993082 -0.99393924]
[ 0.00603171 -0.03349751],[ 0.00603168 -0.99998181]
[-0.01250131  0.128123  ],[-0.01250098 -0.99992186]
[ 0.34033132 -0.10847686],[ 0.33379943 -0.94264412]
[-0.4886327  -0.08709923],[-0.46941903 -0.88297552]
[-0.00205073  0.02608792],[-0.00205073 -0.9999979 ]
[-0.0232848 -0.0156222],[-0.0232827  -0.99972892]
[0.00546348 0.07011072],[ 0.00546346 -0.99998508]
[ 0.03855435 -0.17439486],[ 0.0385448  -0.99925687]
[0.05482124 0.03375509],[ 0.05479378 -0.99849769]
[-0.04980959 -0.30155743],[-0.049789   -0.99875976]
[-0.02650201  0.53717844],[-0.0264989  -0.99964884]
[-0.01302749 -0.00196331],[-0.01302712 -0.99991514]
[ 0.02132835 -0.02375058],[ 0.02132673 -0.99977256]
[0.66841748 0.68315599],[ 0.6197448  -0.78480341]
[-0.42000107 -1.88905461],[-0.40776143 -0.9130885 ]
[0.00219894 0.1196521 ],[ 0.00219893 -0.99999758]
[0.12405428 0.04082677],[ 0.12373634 -0.99231513]
[-0.05844525  0.2397891 ],[-0.05841198 -0.99829256]
[ 0.31351072 -0.42325194],[ 0.30840012 -0.95125673]
[-0.00356475 -0.38014385],[-0.00356475 -0.99999365]
[-0.03857393 -0.4961099 ],[-0.03856437 -0.99925612]
[-0.04194502 -0.24463269],[-0.04193272 -0.99912044]
[ 0.00133278 -0.03778292],[ 0.00133278 -0.99999911]
[0.00794709 0.00757163],[ 0.00794701 -0.99996842]
[0.00614658 0.24096205],[ 0.00614654 -0.99998111]
[-0.02725293 -0.21123181],[-0.02724956 -0.99962866]
[ 0.28291386 -0.59360257],[ 0.27915485 -0.9602461 ]
[-0.00578488 -0.00263497],[-0.00578485 -0.99998327]
[-0.02995272  0.11644362],[-0.02994824 -0.99955145]
[ 0.11646052 -0.87879597],[ 0.11619744 -0.99322614]
[-0.00526048 -0.00167681],[-0.00526046 -0.99998616]
[-0.01542791 -0.20123443],[-0.0154273  -0.99988099]
[ 0.1472206  -0.25578159],[ 0.14668937 -0.98918261]
[-0.32322107 -0.72791452],[-0.31762247 -0.94821726]
[-0.063864   0.0368358],[-0.0638206  -0.99796139]
[0.00907514 0.02671551],[ 0.00907501 -0.99995882]
[-0.22547916 -1.03283065],[-0.22357342 -0.97468709]
[-0.03088993 -0.32726812],[-0.03088502 -0.99952294]
[ 0.07019282 -0.22958964],[ 0.07013519 -0.9975375 ]
[0.25839658 1.21071188],[ 0.25553069 -0.96680094]
[ 0.15984846 -0.2985271 ],[ 0.1591686  -0.98725141]
[-0.53013805  1.2310534 ],[-0.50565244 -0.86273728]
[-0.04742772 -0.0243731 ],[-0.04740994 -0.99887552]
[0.0895499  1.04752785],[ 0.08943027 -0.99599309]
[-0.03437731 -0.17469565],[-0.03437054 -0.99940916]
[-0.04771708  0.01792178],[-0.04769897 -0.99886176]
[-0.21503765 -1.05530956],[-0.21338421 -0.97696836]
[0.0977554  0.24426857],[ 0.09759978 -0.99522574]
[ 0.37759343 -0.09346441],[ 0.3686845  -0.92955459]
[-0.13111089 -0.01189182],[-0.13073558 -0.99141727]
[-0.06097432 -0.32255841],[-0.06093654 -0.99814164]
[-0.02114782  0.03408948],[-0.02114625 -0.99977639]
[0.01809849 0.10387054],[ 0.0180975  -0.99983623]
[-0.01139531  0.08259165],[-0.01139506 -0.99993507]
[-0.00623943  0.04012864],[-0.00623939 -0.99998053]
[0.04832349 0.41078889],[ 0.04830469 -0.99883265]
[0.1650336  0.10897812],[ 0.16428548 -0.98641284]
[0.00551774 0.00213493],[ 0.00551771 -0.99998478]
[-0.34217145 -1.31115233],[-0.33553345 -0.94202829]
[ 0.32888517 -1.87963928],[ 0.32298815 -0.94640301]
[-0.01530962 -0.16212739],[-0.01530902 -0.99988281]
[ 0.06696631 -0.74652823],[ 0.06691627 -0.99775859]
[0.27194111 0.19883292],[ 0.26860172 -0.96325133]
[ 0.07335715 -0.41270311],[ 0.07329138 -0.99731057]
[0.01049956 0.0124421 ],[ 0.01049937 -0.99994488]
[0.06139205 0.02122487],[ 0.06135349 -0.9981161 ]
[0.18986697 1.89545139],[ 0.18872825 -0.98202935]
[-0.22587205  0.4323465 ],[-0.22395634 -0.97459918]
[ 0.00117925 -0.06917225],[ 0.00117925 -0.9999993 ]
[-0.00480596  0.01035192],[-0.00480594 -0.99998845]
[ 0.4243749  -1.42859323],[ 0.41175121 -0.9112963 ]
[0.18818318 0.2651544 ],[ 0.18707446 -0.98234574]
[ 0.16979599 -0.68389617],[ 0.16898127 -0.98561926]
[-0.00172148 -0.11389611],[-0.00172148 -0.99999852]
[-0.10147613 -0.10937745],[-0.10130206 -0.99485571]
[ 0.00084002 -0.06258099],[ 8.40022693e-04 -9.99999647e-01]
[-0.01397862 -0.01110327],[-0.01397816 -0.9999023 ]
[ 0.01190002 -0.03663156],[ 0.01189973 -0.9999292 ]
[-0.02909866 -0.0012381 ],[-0.02909455 -0.99957666]
[ 0.05420531 -0.0422344 ],[ 0.05417877 -0.99853125]
[ 0.03440302 -0.071341  ],[ 0.03439623 -0.99940827]
[-0.02023418 -0.05315125],[-0.0202328 -0.9997953]
[-0.10633933 -0.24191445],[-0.10613903 -0.9943513 ]
[-0.14513107 -1.47349186],[-0.14462212 -0.98948696]
[-0.20830657  0.18880974],[-0.20680337 -0.97838252]
[0.00540633 0.01994486],[ 0.0054063  -0.99998539]
[ 0.00414618 -0.01667602],[ 0.00414617 -0.9999914 ]
[-0.00534121 -0.15285122],[-0.00534118 -0.99998574]
[-0.46670144  1.73872836],[-0.44994293 -0.89305731]
[-0.22387219 -0.44779725],[-0.22200684 -0.97504511]
[0.03963706 0.79485205],[ 0.03962668 -0.99921455]
[ 0.00612547 -0.07462961],[ 0.00612543 -0.99998124]
[-0.07172295 -0.01037619],[-0.07166148 -0.99742901]
[ 0.00812723 -0.00533256],[ 0.00812714 -0.99996697]
[-0.01669645 -1.14686509],[-0.01669567 -0.99986062]
[0.00654615 0.00572099],[ 0.0065461  -0.99997857]
[-0.47128905 -0.40704651],[-0.45403518 -0.89098375]
[-0.01863298  0.17152939],[-0.0186319  -0.99982641]
[-0.02042571  0.03809665],[-0.02042429 -0.9997914 ]
[-0.42363973 -0.3856957 ],[-0.41108114 -0.91159876]
[-0.05698676  1.63289138],[-0.05695592 -0.99837669]
[-0.21608177 -0.06121975],[-0.21440416 -0.97674503]
[-0.14437683 -0.04331126],[-0.14387577 -0.98959576]
[-0.11222568  0.57276797],[-0.11199026 -0.9937093 ]
[0.00941055 0.04395603],[ 0.00941041 -0.99995572]
[-0.02678687  0.18252276],[-0.02678367 -0.99964125]
[-0.00058129 -0.1141231 ],[-5.81289160e-04 -9.99999831e-01]
[-0.00714274  0.00046602],[-0.00714268 -0.99997449]
[0.08178795 0.05225912],[ 0.0816968  -0.99665723]
[ 0.35516082 -0.68640086],[ 0.34774115 -0.93759058]
[ 0.00211499 -0.01988289],[ 0.00211498 -0.99999776]
[ 0.09492996 -0.49551433],[ 0.09478745 -0.99549753]
[-0.01509242  0.02832336],[-0.01509185 -0.99988611]
[-0.18860664  0.16786089],[-0.18749043 -0.98226643]
[-0.01405313  0.0234369 ],[-0.01405267 -0.99990126]
[ 0.03028747 -0.23968161],[ 0.03028284 -0.99954137]
[0.00510885 0.00689849],[ 0.00510883 -0.99998695]
[ 0.16287869 -0.69944822],[ 0.16215947 -0.98676456]
[-0.01588192  0.00426686],[-0.01588125 -0.99987388]
[0.00545164 0.0564278 ],[ 0.00545161 -0.99998514]
[-0.00206774 -0.09300401],[-0.00206773 -0.99999786]
[-0.00442225 -0.04371874],[-0.00442223 -0.99999022]
[0.04080355 0.02091296],[ 0.04079223 -0.99916765]
[ 0.00950563 -0.08009366],[ 0.00950549 -0.99995482]
[ 0.01828255 -0.06443103],[ 0.01828153 -0.99983288]
[-0.00858165  0.00503634],[-0.00858154 -0.99996318]
[0.03612988 0.06329928],[ 0.03612202 -0.99934739]
[0.03677722 0.02128552],[ 0.03676893 -0.99932379]
[0.15938764 0.17299797],[ 0.15871364 -0.98732466]
[-0.0553749  -0.06160018],[-0.0553466 -0.9984672]
[-0.00423305  0.01251586],[-0.00423303 -0.99999104]
[-0.0128439   0.02041704],[-0.01284354 -0.99991752]
[-0.08157029 -0.10179172],[-0.08147987 -0.99667499]
[-0.00339916  0.09800474],[-0.00339915 -0.99999422]
[ 0.39638386 -2.02824667],[ 0.38608512 -0.92246316]
[-0.39393239  1.89529458],[-0.38382257 -0.92340686]
[-0.06615677  0.97332567],[-0.06610852 -0.99781244]
[0.01222748 0.03621403],[ 0.01222718 -0.99992525]
[-0.04659282  0.98242695],[-0.04657597 -0.99891475]
[-0.01831253  0.07008645],[-0.0183115  -0.99983233]
[ 0.09955199 -0.06980219],[ 0.09938763 -0.99504879]
[-0.32510022 -0.0223419 ],[-0.31940376 -0.94761872]
[-0.00512064 -0.11254839],[-0.00512061 -0.99998689]
[ 0.01218481 -0.02805064],[ 0.01218451 -0.99992577]
[5.89458440e-05 3.60203222e-02],[ 5.89458440e-05 -9.99999998e-01]
[-0.0793221   0.00956094],[-0.07923895 -0.99685565]
[0.00580019 0.06261527],[ 0.00580015 -0.99998318]
[-0.25132102  0.95000412],[-0.2486837  -0.96858475]
[0.00368846 0.01809268],[ 0.00368846 -0.9999932 ]
[-0.00861998 -0.04878155],[-0.00861987 -0.99996285]
[-0.0143684  -0.02172469],[-0.01436791 -0.99989678]
[0.03085006 0.04366141],[ 0.03084517 -0.99952417]
[ 0.22319914 -0.14776875],[ 0.22135053 -0.97519431]
[-0.00694445 -0.04011069],[-0.00694439 -0.99997589]
[0.00865663 0.03943913],[ 0.00865652 -0.99996253]
[0.02417262 0.02046691],[ 0.02417026 -0.99970786]
[-0.08961004 -0.18583038],[-0.08949016 -0.99598771]
[0.09171849 0.8370509 ],[ 0.09158995 -0.99579681]
[0.05362398 0.31489299],[ 0.05359828 -0.99856258]
[-0.12946608 -0.29809515],[-0.12910471 -0.99163097]
[0.03299927 0.72046827],[ 0.03299328 -0.99945557]
[-0.00419166  0.14658   ],[-0.00419164 -0.99999122]
[0.04104719 0.06328752],[ 0.04103567 -0.99915768]
[-0.02092263 -0.06391322],[-0.0209211  -0.99978113]
[-0.0062245  -0.01104525],[-0.00622446 -0.99998063]
[-0.01141262 -0.00938862],[-0.01141237 -0.99993488]
[0.0403476  0.17446122],[ 0.04033666 -0.99918615]
[-0.00786987 -0.00209373],[-0.00786979 -0.99996903]
[-0.65343273 -0.43721354],[-0.60791558 -0.79400167]
[0.01118409 0.04678326],[ 0.01118385 -0.99993746]
[ 0.09578069 -0.18536872],[ 0.09563431 -0.99541654]
[0.2457803  1.61430213],[ 0.24331325 -0.96994776]
[0.00830969 0.03454595],[ 0.0083096  -0.99996547]
[-0.00348532 -0.01486387],[-0.00348531 -0.99999393]
[ 0.0176849  -0.01725909],[ 0.01768398 -0.99984363]
[0.05403836 0.04451075],[ 0.05401206 -0.99854028]
[-0.7183062   0.58203273],[-0.65811032 -0.75292152]
[-0.04407867  0.12058339],[-0.0440644  -0.99902869]
[-0.0146084  -0.04070538],[-0.01460788 -0.9998933 ]
[ 0.1728008  -0.21845486],[ 0.1719421  -0.98510706]
[ 0.04127615 -0.19552101],[ 0.04126443 -0.99914826]
[-0.05576723 -1.39016353],[-0.05573833 -0.99844541]
[-0.33973606  0.64174465],[-0.33323825 -0.94284265]
[0.00597908 0.01821096],[ 0.00597904 -0.99998213]
[ 0.05391086 -0.16398831],[ 0.05388475 -0.99854716]
[0.03725186 0.01033912],[ 0.03724324 -0.99930623]
[-0.0107562  -0.13434399],[-0.01075599 -0.99994215]
[0.51159973 0.19156692],[ 0.48957278 -0.87196244]
[0.02937502 0.24856376],[ 0.02937079 -0.99956859]
[-0.00807635  0.0164524 ],[-0.00807626 -0.99996739]
[-0.28059465  1.04475653],[-0.27692709 -0.96089093]
[ 0.34114393 -0.96702153],[ 0.33456532 -0.94237256]
[0.04830437 0.51436284],[ 0.04828558 -0.99883357]
[-0.01066818 -0.00083974],[-0.01066798 -0.9999431 ]
[-0.02961506 -0.03954079],[-0.02961073 -0.99956151]
[0.14623697 0.26417341],[ 0.14571631 -0.98932642]
[ 0.00487044 -0.04935725],[ 0.00487042 -0.99998814]
[ 0.14928701 -0.4408493 ],[ 0.14873311 -0.98887737]
[2.26457976e-02 7.81238973e-05],[ 0.02264386 -0.99974359]
[0.16756932 0.05997176],[ 0.16678621 -0.98599308]
[ 0.00583687 -0.13895321],[ 0.00583684 -0.99998297]
[0.00528058 0.01349654],[ 0.00528055 -0.99998606]
[0.02216645 0.03664144],[ 0.02216463 -0.99975433]
[-0.01979566 -0.12290465],[-0.01979437 -0.99980407]
[0.02489395 0.00833761],[ 0.02489138 -0.99969016]
[ 0.47826563 -1.26266089],[ 0.4602401  -0.88779448]
[ 0.02851028 -0.03465406],[ 0.02850642 -0.99959361]
[-0.0645336  -0.81916192],[-0.06448882 -0.99791843]
[0.00490216 0.03206562],[ 0.00490214 -0.99998798]
[0.00471148 0.0249965 ],[ 0.00471146 -0.9999889 ]
[-0.16593137  0.98024688],[-0.16517098 -0.98626495]
[-0.11088149  0.2178235 ],[-0.11065442 -0.99385894]
[-0.01083401  0.0295549 ],[-0.01083379 -0.99994131]
[0.15927789 1.08467897],[ 0.15860527 -0.98734207]
[ 0.02787739 -0.2422934 ],[ 0.02787378 -0.99961145]
[-0.11241866 -1.21043341],[-0.11218202 -0.99368767]
[ 0.00573862 -0.0068663 ],[ 0.00573859 -0.99998353]
[ 0.06340019 -0.07908122],[ 0.06335772 -0.99799088]
[ 0.00151095 -0.02035639],[ 0.00151095 -0.99999886]
[0.70457414 0.11706551],[ 0.64770943 -0.76188746]
[ 0.52855716 -1.73425493],[ 0.50428792 -0.86353557]
[ 0.00520875 -0.01355777],[ 0.00520873 -0.99998643]
[-0.00634693 -0.01894547],[-0.00634688 -0.99997986]
[-0.01847891  0.13680916],[-0.01847786 -0.99982927]
[-0.08855656 -0.55487833],[-0.08844086 -0.99608143]
[-0.00541707  0.02121817],[-0.00541704 -0.99998533]
[ 0.00680622 -0.00990748],[ 0.00680617 -0.99997684]
[-0.30378083  0.79354855],[-0.29913005 -0.95421235]
[-0.03387309  0.17131709],[-0.03386661 -0.99942636]
[-0.00990526  0.0123856 ],[-0.0099051  -0.99995094]
[0.07501112 2.19986375],[ 0.07494079 -0.99718798]
[-0.08875144 -0.79418855],[-0.08863497 -0.99606418]
[-0.09911411 -0.61151757],[-0.09895192 -0.99509222]
[ 0.00512644 -0.01055035],[ 0.00512641 -0.99998686]
[0.06715199 0.03885977],[ 0.06710153 -0.99774615]
[-0.0036355  -0.06784209],[-0.00363549 -0.99999339]
[-0.56241018 -0.65978924],[-0.53322669 -0.8459724 ]
[ 0.04461115 -0.13258138],[ 0.04459635 -0.99900509]
[ 0.03502332 -0.23374742],[ 0.03501616 -0.99938675]
[ 0.09048881 -0.05655793],[ 0.09036537 -0.99590868]
[-0.21988239  1.33405432],[-0.21811485 -0.97592311]
[0.00339359 0.11925829],[ 0.00339358 -0.99999424]
[-0.26997635  0.73337552],[-0.26670865 -0.9637772 ]
[0.01035721 0.48712876],[ 0.01035702 -0.99994636]
[ 0.38250157 -1.05432593],[ 0.37324242 -0.92773385]
[-0.00459129  0.01411541],[-0.00459128 -0.99998946]
[-0.11371278  0.10536484],[-0.11346787 -0.99354167]
[-0.00449448  0.00867037],[-0.00449447 -0.9999899 ]
[ 0.00922527 -0.03726709],[ 0.00922514 -0.99995745]
[ 0.11192137 -0.17142951],[ 0.11168785 -0.99374334]
[0.00745228 0.00295924],[ 0.00745221 -0.99997223]
[-0.08954415  1.62178231],[-0.08942453 -0.9959936 ]
[-0.68996453  0.83347063],[-0.63650983 -0.77126859]
[ 0.04115143 -0.11731196],[ 0.04113981 -0.9991534 ]
[0.02047964 0.00135314],[ 0.02047821 -0.9997903 ]
[0.28207049 1.15595159],[ 0.27834491 -0.96048119]
[ 0.00515776 -0.42105951],[ 0.00515774 -0.9999867 ]
[ 0.00127939 -0.0251699 ],[ 0.00127939 -0.99999918]
[-0.26117874  0.14879366],[-0.2582195  -0.96608627]
[-0.03013882  0.15587318],[-0.03013426 -0.99954586]
[-0.02961453  0.22701573],[-0.0296102  -0.99956152]
[-0.01240104 -0.25058433],[-0.01240072 -0.99992311]
[ 0.00287085 -0.04119183],[ 0.00287084 -0.99999588]
[0.26982032 0.22529669],[ 0.26655826 -0.96381881]
[-0.20644371  1.35346514],[-0.20498042 -0.97876607]
[ 0.32975099 -1.41968045],[ 0.32380745 -0.946123  ]
[ 0.04150434 -0.36211013],[ 0.04149243 -0.99913882]
[-0.27150358  1.24366946],[-0.26818024 -0.96336876]
[-0.15921543  0.06037608],[-0.15854361 -0.98735198]
[0.00714377 0.00729844],[ 0.00714371 -0.99997448]
[-0.0327372 -0.0903089],[-0.03273135 -0.99946419]
[-0.03770763  0.65442431],[-0.0376987  -0.99928915]
[-0.00152581  0.02638639],[-0.00152581 -0.99999884]
[ 0.0099152  -0.00677508],[ 0.00991504 -0.99995084]
[0.54395717 1.37252576],[ 0.51752606 -0.85566745]
[0.00902705 0.01460678],[ 0.00902693 -0.99995926]
[-0.08705909 -0.03480152],[-0.08694915 -0.99621275]
[ 0.00308163 -0.01870267],[ 0.00308162 -0.99999525]
[-0.16026468 -0.23859984],[-0.1595795  -0.98718508]
[0.01647796 0.04907747],[ 0.01647721 -0.99986424]
[-0.49456719 -0.68818491],[-0.47465074 -0.88017423]
[0.00856337 0.0104078 ],[ 0.00856326 -0.99996333]
[-0.01268845  0.00943031],[-0.01268811 -0.9999195 ]
[ 0.01878531 -0.08705135],[ 0.01878421 -0.99982356]
[0.30584594 0.13903316],[ 0.30109997 -0.95359258]
[-0.14473911 -0.02914209],[-0.14423427 -0.98954357]
[0.00458371 0.11874795],[ 0.0045837  -0.99998949]
[0.00944414 0.0828142 ],[ 0.009444  -0.9999554]
[ 0.06169699 -0.09117888],[ 0.06165786 -0.99809734]
[0.03034467 0.01233219],[ 0.03034001 -0.99953964]
[-0.18488744  0.20392772],[-0.1838359  -0.98295695]
[-0.00497606  0.01590691],[-0.00497604 -0.99998762]
[0.63484019 0.0151031 ],[ 0.59304884 -0.80516648]
[-0.01537603 -0.06768587],[-0.01537542 -0.99988179]
[0.4444722  0.42077894],[ 0.42998142 -0.90283774]
[0.02251202 0.12623221],[ 0.02251012 -0.99974662]
[ 0.57837024 -1.58446352],[ 0.54665997 -0.83735469]
[ 0.05907255 -0.33916433],[ 0.0590382  -0.99825572]
[-0.0634646   0.04303761],[-0.063422  -0.9979868]
[-0.03144622 -0.02133656],[-0.03144104 -0.99950561]
[-0.37937296  1.18254575],[-0.37033809 -0.92889703]
[-0.07568511 -0.0751906 ],[-0.07561288 -0.99713725]
[-0.08289058  0.36799249],[-0.08279569 -0.99656654]
[-0.01464127  0.10001769],[-0.01464075 -0.99989282]
[-0.04425554  0.05843092],[-0.04424109 -0.99902088]
[ 0.00362911 -0.01776925],[ 0.00362911 -0.99999341]
[-0.00664379  0.01329201],[-0.00664374 -0.99997793]
[-0.04022774  1.09001466],[-0.0402169  -0.99919097]
[-0.01164315 -0.00597048],[-0.01164288 -0.99993222]
[0.00227664 0.02280585],[ 0.00227664 -0.99999741]
[-0.04337646 -0.06511982],[-0.04336286 -0.99905939]
[ 0.08377928 -0.33903052],[ 0.0836813  -0.99649257]
[-0.05992844 -0.20265746],[-0.05989258 -0.99820483]
[-0.00363126  0.03854343],[-0.00363125 -0.99999341]
[-0.00919721  0.48931465],[-0.00919708 -0.99995771]
[0.14976159 0.54304446],[ 0.1492024  -0.98880668]
[-0.00510881 -0.01248791],[-0.00510878 -0.99998695]
[0.08184857 0.24510409],[ 0.08175721 -0.99665228]
[-0.00459841  0.06464094],[-0.00459839 -0.99998943]
[-0.20808058 -0.92410056],[-0.20658226 -0.97842924]
[-0.00522597 -0.12465514],[-0.00522595 -0.99998634]
[0.00312938 0.01915262],[ 0.00312938 -0.9999951 ]
[-0.12268797 -0.56567316],[-0.12238041 -0.99248327]
[0.16901787 0.37194506],[ 0.16821429 -0.98575045]
[ 0.69362975 -0.3889047 ],[ 0.63933241 -0.76893047]
[0.30803191 0.07951575],[ 0.30318377 -0.95293211]
[0.47228027 0.99317311],[ 0.45491812 -0.89053327]
[-0.20452979 -0.39412103],[-0.20310677 -0.9791566 ]
[0.01696033 0.04738902],[ 0.01695952 -0.99985618]
[-0.1390687  -0.52559865],[-0.13862086 -0.99034552]
[-0.00412063 -0.06078822],[-0.00412062 -0.99999151]
[-0.00855017 -0.02568387],[-0.00855006 -0.99996345]
[0.04968567 0.02890806],[ 0.04966523 -0.99876592]
[0.0048845  0.05699154],[ 0.00488448 -0.99998807]
[ 0.0625926  -0.48222001],[ 0.06255174 -0.99804172]
[0.01629299 0.06014185],[ 0.01629227 -0.99986727]
[0.01359915 0.02109335],[ 0.01359873 -0.99990753]
[-0.00710531 -0.00233683],[-0.00710525 -0.99997476]
[ 0.14671612 -0.35720202],[ 0.14619032 -0.98925648]
[-0.00309112 -0.04495835],[-0.00309111 -0.99999522]
[-0.39536662 -0.15773313],[-0.38514655 -0.92285542]
[ 0.02593028 -0.13409148],[ 0.02592737 -0.99966383]
[ 0.057584   -0.11418667],[ 0.05755218 -0.9983425 ]
[-0.01235047  0.01308359],[-0.01235015 -0.99992373]
[-0.00034661  0.21924076],[-3.46605937e-04 -9.99999940e-01]
[-0.06418024 -0.27211964],[-0.06413619 -0.99794116]
[ 0.31817439 -0.63317692],[ 0.31283311 -0.94980811]
[-0.5384742   0.20884781],[-0.5128267  -0.85849215]
[-0.03854918 -0.22018181],[-0.03853963 -0.99925707]
[-0.01149152  0.06444138],[-0.01149127 -0.99993397]
[-0.17565612  0.96454463],[-0.1747542  -0.98461209]
[0.03391055 0.14056981],[ 0.03390405 -0.99942509]
[-0.03793832  0.03228214],[-0.03792922 -0.99928043]
[0.00386701 0.01512182],[ 0.003867   -0.99999252]
[ 0.07245508 -0.22282437],[ 0.0723917  -0.99737628]
[-0.04970197 -0.05904816],[-0.04968151 -0.99876511]
[0.03448299 0.27218853],[ 0.03447616 -0.99940552]
[-0.02337112 -0.17132348],[-0.023369   -0.99972691]
[0.0061444  0.04405986],[ 0.00614436 -0.99998112]
[ 0.17970989 -0.54807012],[ 0.17874415 -0.98389559]
[0.20122536 1.01004498],[ 0.19987011 -0.9798224 ]
[-0.00457951 -0.03457621],[-0.0045795  -0.99998951]
[-0.00846426  0.00669733],[-0.00846416 -0.99996418]
[0.62681323 0.30568757],[ 0.58656677 -0.80990087]
[ 0.03332183 -0.01821653],[ 0.03331566 -0.99944488]
[ 0.50174193 -0.83344296],[ 0.4809535  -0.87674611]
[ 0.00242613 -0.04591276],[ 0.00242613 -0.99999706]
[-0.08120072 -0.38047014],[-0.08111152 -0.99670503]
[-0.01960944  0.02776981],[-0.01960818 -0.99980774]
[-0.0128695  -0.02046975],[-0.01286914 -0.99991719]
[0.02572502 0.08581844],[ 0.02572218 -0.99966913]
[ 0.15399541 -0.52065611],[ 0.15338748 -0.98816612]
[-0.31578358 -0.75947328],[-0.3105614  -0.95055332]
[-0.12891466 -0.07583282],[-0.12855788 -0.99170201]
[-0.00374808 -0.07516558],[-0.00374807 -0.99999298]
[0.04381828 0.46509634],[ 0.04380426 -0.99904013]
[-0.03868768  0.06176401],[-0.03867803 -0.99925173]
[-0.26147844  1.85893187],[-0.25850902 -0.96600884]
[ 0.02425061 -0.11982727],[ 0.02424823 -0.99970597]
[ 0.00238019 -0.01747709],[ 0.00238019 -0.99999717]
[0.00306295 0.03834306],[ 0.00306294 -0.99999531]
[-0.00595076  0.29620926],[-0.00595073 -0.99998229]
[0.03970046 0.07134402],[ 0.03969004 -0.99921204]
[ 0.11657127 -0.13832073],[ 0.11630744 -0.99321326]
[-0.02630849 -0.00277805],[-0.02630546 -0.99965395]
[-0.00592071 -0.05912941],[-0.00592067 -0.99998247]
[0.25872107 0.32903408],[ 0.2558444  -0.96671798]
[-0.63675711 -1.16636831],[-0.5945912  -0.80402817]
[-0.01661358  0.097148  ],[-0.01661282 -0.999862  ]
[-0.21348644  0.62329142],[-0.21186848 -0.97729819]
[-0.51688647  1.60470372],[-0.49417575 -0.86936202]
[0.00445912 0.02547159],[ 0.0044591  -0.99999006]
[0.00665736 0.01566054],[ 0.00665731 -0.99997784]
[ 0.00730228 -0.20795821],[ 0.00730222 -0.99997334]
[0.03738929 0.30189439],[ 0.03738058 -0.9993011 ]
[-0.03721011 -0.03995163],[-0.03720152 -0.99930778]
[ 0.0055337  -0.00167644],[ 0.00553367 -0.99998469]
[ 0.05552486 -0.15878414],[ 0.05549633 -0.99845889]
[-0.00394716  0.05859399],[-0.00394715 -0.99999221]
[-0.39359978 -0.19561555],[-0.38351541 -0.92353448]
[-0.00138144  0.03590474],[-0.00138144 -0.99999905]
[-0.02862127 -0.29531377],[-0.02861736 -0.99959044]
[ 0.00417254 -0.23053304],[ 0.00417253 -0.99999129]
[ 0.14455505 -0.15152598],[ 0.14405213 -0.9895701 ]
[ 0.01443901 -0.02649726],[ 0.0144385  -0.99989576]
[ 0.01294148 -0.01415556],[ 0.01294112 -0.99991626]
[ 0.05494395 -0.03160257],[ 0.05491631 -0.99849096]
[ 0.02942095 -0.19018146],[ 0.02941671 -0.99956724]
[0.00517098 0.06321637],[ 0.00517095 -0.99998663]
[ 0.00642614 -0.04238153],[ 0.00642609 -0.99997935]
[0.08338568 0.01155361],[ 0.08328908 -0.99652543]
[-0.04027771  0.1326215 ],[-0.04026682 -0.99918896]
[0.0080827  0.00598505],[ 0.00808261 -0.99996734]
[-0.00884902  0.02972006],[-0.0088489  -0.99996085]
[-0.00323577 -0.04983959],[-0.00323576 -0.99999476]
[0.0146146  0.01266396],[ 0.01461408 -0.99989321]
[-0.00935218 -0.76731537],[-0.00935204 -0.99995627]
[-1.17823916e-05 -5.65805092e-02],[-1.17823916e-05 -1.00000000e+00]
[ 0.331316   -0.99840721],[ 0.32528774 -0.94561508]
[0.068174   0.01219205],[ 0.06812121 -0.99767705]
[ 0.27684487 -0.62009682],[ 0.27332202 -0.96192259]
[-0.03177335 -0.23121331],[-0.031768   -0.99949527]
[0.00420342 0.01973217],[ 0.0042034  -0.99999117]
[-0.04581316  0.04532792],[-0.04579714 -0.99895076]
[-0.17016731 -0.15677462],[-0.16934724 -0.98555645]
[0.2674358  0.25157383],[ 0.26425926 -0.96445168]
[-0.01297577  0.04506484],[-0.0129754  -0.99991582]
[-0.10443528 -0.77369153],[-0.10424554 -0.99455159]
[-0.05860791  0.01238825],[-0.05857437 -0.99828305]
[-0.7393203   0.25697924],[-0.67378582 -0.7389267 ]
[-0.06105228  1.3298396 ],[-0.06101436 -0.99813689]
[-0.00650156 -0.02256611],[-0.00650151 -0.99997886]
[-0.00034688 -0.04624838],[-3.46875495e-04 -9.99999940e-01]
[-0.15671081  0.10645455],[-0.15607017 -0.98774597]
[ 0.00920205 -0.01997205],[ 0.00920192 -0.99995766]
[-0.00530547 -0.01511226],[-0.00530545 -0.99998593]
[-0.02930806  0.28464995],[-0.02930386 -0.99957055]
[-0.32516689  0.0090038 ],[-0.31946694 -0.94759742]
[-0.01581995 -0.41633724],[-0.01581929 -0.99987487]
[0.07667203 0.21244758],[ 0.07659693 -0.99706214]
[-0.14101374  0.59942337],[-0.14054686 -0.99007403]
[ 0.28289508 -0.77512183],[ 0.27913682 -0.96025134]
[-0.17206025  0.13419324],[-0.17121254 -0.98523412]
[0.31654696 1.71015444],[ 0.31128694 -0.95031597]
[0.02896967 0.27896573],[ 0.02896562 -0.99958041]
[-0.04640469  0.11193978],[-0.04638804 -0.9989235 ]
[0.03526392 0.0391376 ],[ 0.03525661 -0.99937829]
[0.04279652 0.08466977],[ 0.04278346 -0.99908437]
[-0.01676175  0.44107332],[-0.01676097 -0.99985953]
[-0.00582615 -0.00149143],[-0.00582612 -0.99998303]
[ 0.02304124 -0.12202597],[ 0.0230392  -0.99973456]
[ 0.00750822 -0.00072291],[ 0.00750815 -0.99997181]
[ 0.00017873 -0.01877848],[ 1.78725670e-04 -9.99999984e-01]
[ 0.05429346 -1.55233187],[ 0.05426679 -0.99852647]
[ 0.11789029 -0.22257884],[ 0.1176174  -0.99305898]
[-0.00891816  0.01152063],[-0.00891805 -0.99996023]
[-0.00567185 -0.04740642],[-0.00567182 -0.99998392]
[0.15201465 0.03874957],[ 0.15142985 -0.98846801]
[-0.00444798  0.01454449],[-0.00444797 -0.99999011]
[ 0.04591553 -0.12827265],[ 0.04589939 -0.99894607]
[0.03435099 0.30571663],[ 0.03434424 -0.99941006]
[-0.02147846  0.03203171],[-0.02147681 -0.99976935]
[ 0.01335543 -0.2280091 ],[ 0.01335503 -0.99991082]
[-0.1470117  -0.20133101],[-0.14648273 -0.98921323]
[-0.08813902  0.1901419 ],[-0.08802495 -0.99611827]
[-0.00454878 -0.01158779],[-0.00454876 -0.99998965]
[0.25820051 0.53204015],[ 0.25534113 -0.96685103]
[-0.00202129 -0.01745836],[-0.00202128 -0.99999796]
[0.0531362  0.16945432],[ 0.0531112 -0.9985886]
[-0.50984305 -1.32872233],[-0.48804026 -0.87282112]
[-0.02118775 -0.27161844],[-0.02118617 -0.99977555]
[ 0.00310609 -0.07614087],[ 0.00310609 -0.99999518]
[-0.48469307  1.0846876 ],[-0.4659368 -0.884818 ]
[ 0.03906116 -0.07388731],[ 0.03905123 -0.99923721]
[0.41175633 0.96039598],[ 0.40021948 -0.91641932]
[ 0.7684909  -0.48112437],[ 0.69505105 -0.71896039]
[0.00778001 0.00913167],[ 0.00777993 -0.99996974]
[-0.00292746  0.02261657],[-0.00292746 -0.99999571]
[0.00938963 0.39823174],[ 0.00938949 -0.99995592]
[0.03473198 0.09380736],[ 0.03472499 -0.99939691]
[ 0.09469548 -0.43127984],[ 0.09455401 -0.99551973]
[-0.00475854  0.02265071],[-0.00475852 -0.99998868]
[ 0.19282809 -1.82774245],[ 0.19163534 -0.9814662 ]
[ 0.01749646 -0.07770209],[ 0.01749557 -0.99984694]
[0.02130176 0.02416116],[ 0.02130015 -0.99977313]
[ 0.00699108 -0.00857202],[ 0.00699102 -0.99997556]
[-0.02111187 -0.0133789 ],[-0.0211103  -0.99977715]
[ 0.27104307 -0.98236285],[ 0.26773658 -0.96349215]
[0.0026033  0.06500078],[ 0.0026033  -0.99999661]
[ 0.06143679 -0.13641135],[ 0.06139814 -0.99811335]
[-0.11468352  0.34746927],[-0.11443229 -0.99343105]
[-0.00264399 -0.01453002],[-0.00264399 -0.9999965 ]
[0.01853878 0.43682372],[ 0.01853772 -0.99982816]
[-0.01583149  0.00581742],[-0.01583083 -0.99987468]
[-0.01722713 -0.14275417],[-0.01722628 -0.99985162]
[-0.00140632 -0.01625215],[-0.00140632 -0.99999901]
[-0.58451642 -0.44445187],[-0.55179615 -0.83397902]
[0.00562214 0.05026669],[ 0.00562211 -0.9999842 ]
[-0.01430539  0.14121904],[-0.0143049  -0.99989768]
[-0.06260279  0.15166355],[-0.0625619  -0.99804109]
[0.00753649 0.06798893],[ 0.00753642 -0.9999716 ]
[ 0.03348771 -0.01495645],[ 0.03348145 -0.99943934]
[-0.02679451  0.1418231 ],[-0.02679131 -0.99964105]
[ 0.02131398 -0.08139985],[ 0.02131237 -0.99977287]
[-0.01855649 -0.12490979],[-0.01855543 -0.99982783]
[0.00896623 0.04490191],[ 0.00896611 -0.9999598 ]
[0.01910432 1.33417777],[ 0.01910316 -0.99981752]
[-0.01737958  0.02743073],[-0.01737871 -0.99984898]
[0.42899617 1.16860069],[ 0.41595815 -0.90938376]
[ 0.5034956  -0.33666907],[ 0.48249028 -0.87590132]
[-0.02917083 -0.12093473],[-0.02916669 -0.99957456]
[-0.07686163 -0.13335557],[-0.07678597 -0.9970476 ]
[-0.09653609 -0.21721996],[-0.09638622 -0.99534401]
[0.06169559 0.00912329],[ 0.06165646 -0.99809743]
[ 0.01144856 -0.20653294],[ 0.01144831 -0.99993447]
[-0.02821941  0.20359754],[-0.02821567 -0.99960186]
[-0.04059262  0.1065015 ],[-0.04058147 -0.99917623]
[ 0.21195152 -0.69383041],[ 0.21036815 -0.97762224]
[0.01470213 0.02534277],[ 0.0147016  -0.99989193]
[-0.13642875 -0.15450885],[-0.13600592 -0.99070802]
[-0.01517154  0.17450028],[-0.01517096 -0.99988491]
[-0.00823696  0.01566823],[-0.00823687 -0.99996608]
[-0.00075621 -0.01854287],[-7.56214579e-04 -9.99999714e-01]
[-0.0132775  -0.07211521],[-0.01327711 -0.99991186]
[-0.1918086  -0.45337572],[-0.19063464 -0.98166106]
[0.03563775 0.03562293],[ 0.03563021 -0.99936504]
[ 0.58086973 -0.77413086],[ 0.54875123 -0.8359857 ]
[0.0019276  0.36179066],[ 0.0019276  -0.99999814]
[-0.05124922 -0.04403374],[-0.05122679 -0.99868705]
[-0.02018522 -0.02361989],[-0.02018385 -0.99979629]
[ 0.00492768 -0.02396246],[ 0.00492766 -0.99998786]
[ 0.01475416 -0.01089279],[ 0.01475363 -0.99989116]
[-0.0318008 -0.1347916],[-0.03179544 -0.9994944 ]
[ 0.10640373 -0.11685626],[ 0.10620307 -0.99434446]
[0.05512881 0.35518439],[ 0.05510089 -0.99848079]
[-0.00730525  0.02413272],[-0.00730519 -0.99997332]
[-0.04183357 -1.39634278],[-0.04182137 -0.9991251 ]
[ 0.01112454 -0.06096288],[ 0.01112431 -0.99993812]
[0.02349798 0.06186734],[ 0.02349582 -0.99972394]
[0.02954362 0.15034941],[ 0.02953932 -0.99956362]
[-0.01151922 -0.03481431],[-0.01151896 -0.99993365]
[ 0.02134728 -0.04071494],[ 0.02134566 -0.99977216]
[0.0798812 1.1748758],[ 0.07979627 -0.99681119]
[-0.00198658 -0.02438143],[-0.00198658 -0.99999803]
[ 0.16275665 -0.28306143],[ 0.16203904 -0.98678435]
[ 0.00878138 -0.02719149],[ 0.00878126 -0.99996144]
[-0.02347655 -1.55211006],[-0.02347439 -0.99972444]
[0.13860403 0.57236032],[ 0.13816067 -0.99040983]
[ 0.01399009 -0.10693067],[ 0.01398963 -0.99990214]
[ 0.00484562 -0.12581764],[ 0.00484561 -0.99998826]
[ 0.01538493 -0.02073307],[ 0.01538432 -0.99988165]
[-0.02355511 -0.09971161],[-0.02355293 -0.99972259]
[-0.25770159  0.19879478],[-0.25485872 -0.9669783 ]
[0.07389136 0.12216596],[ 0.07382413 -0.99727128]
[-0.01234573  0.44205947],[-0.01234542 -0.99992379]
[ 0.51539701 -0.00179063],[ 0.49288032 -0.87009711]
[ 0.06606426 -0.05393161],[ 0.06601621 -0.99781855]
[-0.05281061 -0.01831593],[-0.05278607 -0.99860584]
[0.00055816 0.02936973],[ 5.58160614e-04 -9.99999844e-01]
[0.04124931 0.00878878],[ 0.04123761 -0.99914937]
[-0.01067399 -0.62689563],[-0.01067379 -0.99994303]
[0.05044769 0.32031347],[ 0.0504263  -0.99872779]
[0.5827389  1.21139516],[ 0.55031286 -0.83495853]
[ 0.02575206 -0.10021374],[ 0.02574922 -0.99966843]
[-0.31855061 -1.15925993],[-0.31319042 -0.94969035]
[0.00167735 0.14648628],[ 0.00167735 -0.99999859]
[ 0.05049993 -0.00569626],[ 0.05047847 -0.99872515]
[0.12945332 0.42365676],[ 0.12909205 -0.99163261]
[-0.00167806  0.19838103],[-0.00167806 -0.99999859]
[-0.06307175 -0.15201728],[-0.06302994 -0.99801164]
[ 0.00014273 -0.10330884],[ 1.42727559e-04 -9.99999990e-01]
[0.04099254 0.01688275],[ 0.04098106 -0.99915992]
[ 0.01485589 -0.00945052],[ 0.01485534 -0.99988965]
[-0.00099971 -0.02775963],[-9.99714195e-04 -9.99999500e-01]
[ 0.19732122 -0.18732681],[ 0.19604323 -0.98059525]
[0.16921859 0.70059834],[ 0.16841215 -0.98571667]
[0.00897392 0.02124949],[ 0.0089738  -0.99995973]
[0.13626626 0.6715105 ],[ 0.13584494 -0.99073011]
[ 0.04695974 -0.18310055],[ 0.04694249 -0.99889759]
[0.00540137 0.39935615],[ 0.00540134 -0.99998541]
[-0.01090488  0.11623137],[-0.01090466 -0.99994054]
[-0.10438972  0.0772955 ],[-0.10420023 -0.99455634]
[-0.00285455  0.0391022 ],[-0.00285454 -0.99999593]
[-0.01377684  0.12696155],[-0.0137764 -0.9999051]
[0.00297854 0.01488569],[ 0.00297854 -0.99999556]
[-0.00137155 -0.0201607 ],[-0.00137155 -0.99999906]
[-0.01261552  0.10248973],[-0.01261519 -0.99992043]
[0.01281916 0.08829755],[ 0.01281881 -0.99991784]
[ 0.12913206 -0.15098019],[ 0.12877348 -0.99167403]
[0.07532803 0.01571821],[ 0.07525681 -0.99716419]
[ 0.10864616 -1.10946795],[ 0.10843254 -0.99410381]
[ 0.09144301 -0.03882467],[ 0.09131563 -0.995822  ]
[0.02138986 0.04099306],[ 0.02138823 -0.99977125]
[-0.00025007  0.04404902],[-2.50071461e-04 -9.99999969e-01]
[-0.27849915 -2.13893344],[-0.27491294 -0.96146912]
[-0.04781639  0.1364288 ],[-0.04779817 -0.99885701]
[ 0.0277065  -0.09516387],[ 0.02770295 -0.9996162 ]
[0.00953798 0.01090845],[ 0.00953783 -0.99995451]
[ 0.06525268 -0.16169779],[ 0.06520638 -0.9978718 ]
[0.07354095 1.61324451],[ 0.07347468 -0.99729708]
[ 0.0518261  -0.61285035],[ 0.0518029  -0.99865733]
[0.00106858 0.04379652],[ 0.00106858 -0.99999943]
[ 0.05224564 -0.16902673],[ 0.05222188 -0.99863551]
[0.00267789 0.03866318],[ 0.00267788 -0.99999641]
[0.02340902 0.35215792],[ 0.02340688 -0.99972602]
[-0.01672983 -0.07544691],[-0.01672905 -0.99986006]
[-0.43053558 -0.30371155],[-0.41735757 -0.90874235]
[ 0.00749732 -0.0014579 ],[ 0.00749725 -0.9999719 ]
[ 0.12911475 -2.08360696],[ 0.12875631 -0.99167626]
[0.13464594 0.22520425],[ 0.13423947 -0.99094892]
[0.00741902 0.00369205],[ 0.00741895 -0.99997248]
[-0.00709558  0.01582661],[-0.00709552 -0.99997483]
[-0.03362364 -0.08696558],[-0.03361731 -0.99943478]
[-0.04141747 -0.04149125],[-0.04140563 -0.99914242]
[-0.20160674 -1.23570155],[-0.20024378 -0.9797461 ]
[-0.30729201 -0.33156921],[-0.30247861 -0.95315617]
[0.03732297 0.05597348],[ 0.03731431 -0.99930358]
[-0.02536409  0.14423834],[-0.02536137 -0.99967835]
[-0.00452995  0.03359469],[-0.00452993 -0.99998974]
[-0.01469375 -0.09089011],[-0.01469322 -0.99989205]
[-0.10666189  0.03613766],[-0.10645976 -0.99431701]
[0.29348594 1.12696493],[ 0.28929086 -0.95724124]
[0.01338147 0.02243859],[ 0.01338107 -0.99991047]
[0.02263391 0.00230027],[ 0.02263197 -0.99974386]
[0.23794172 0.26376686],[ 0.23570284 -0.97182518]
[-0.03261293  0.0892729 ],[-0.03260715 -0.99946825]
[-0.02343678  0.11325404],[-0.02343463 -0.99972537]
[-0.00333342 -0.01299197],[-0.00333341 -0.99999444]
[-0.03354601  0.12767309],[-0.03353972 -0.99943739]
[-0.01024631 -0.06829241],[-0.01024613 -0.99994751]
[-0.00487222  0.00640634],[-0.0048722  -0.99998813]
[-0.17532858  0.27335383],[-0.17443169 -0.98466928]
[0.0245339  0.01565157],[ 0.02453144 -0.99969906]
[-0.26535352 -0.03018512],[-0.26225043 -0.96499985]
[-0.04529283 -0.08751925],[-0.04527735 -0.99897446]
[ 0.19665296 -1.13460453],[ 0.19538791 -0.98072604]
[0.13766798 0.30669761],[ 0.13723354 -0.99053872]
[ 0.00178894 -0.03066395],[ 0.00178893 -0.9999984 ]
[-0.44361843  0.95296287],[-0.42921045 -0.90320451]
[ 0.00787428 -0.01990174],[ 0.0078742 -0.999969 ]
[ 0.00276266 -0.02412558],[ 0.00276265 -0.99999618]
[-0.05701525  0.36436787],[-0.05698437 -0.99837507]
[ 0.32510487 -0.81445774],[ 0.31940817 -0.94761723]
[-0.0587031   0.00664649],[-0.05866939 -0.99827747]
[-0.01963523 -0.3033185 ],[-0.01963397 -0.99980724]
[ 0.35873159 -0.37540185],[ 0.35108685 -0.9363429 ]
[ 0.00165492 -0.13963793],[ 0.00165492 -0.99999863]
[-0.00660227 -0.05197407],[-0.00660222 -0.99997821]
[-0.00265938  0.02854965],[-0.00265938 -0.99999646]
[-0.0283926  -0.16319919],[-0.02838878 -0.99959696]
[ 0.01003138 -0.1520817 ],[ 0.01003121 -0.99994969]
[0.00699574 0.03246437],[ 0.00699568 -0.99997553]
[ 0.00723533 -0.01756734],[ 0.00723527 -0.99997383]
[-0.25894357  1.26812969],[-0.25605948 -0.96666103]
[-0.00677073 -0.03535904],[-0.00677068 -0.99997708]
[-0.00526382  0.00792313],[-0.0052638  -0.99998615]
[-0.01828387  0.0473944 ],[-0.01828285 -0.99983285]
[0.00124372 0.01922004],[ 0.00124372 -0.99999923]
[-0.08726692  0.30335387],[-0.08715619 -0.99619466]
[0.09302462 0.20106399],[ 0.09289051 -0.99567633]
[-0.03886321  0.16110782],[-0.03885342 -0.99924492]
[0.01120833 0.00163522],[ 0.0112081  -0.99993719]
[-0.0624082  -0.11178833],[-0.0623677  -0.99805324]
[-0.55640591 -1.50582658],[-0.52813766 -0.84915877]
[-0.10995746 -0.51380097],[-0.10973602 -0.99396077]
[-0.00272477  0.14677258],[-0.00272477 -0.99999629]
[ 0.24632466 -0.1717082 ],[ 0.24384122 -0.96981517]
[-0.36289169  0.77216019],[-0.35497908 -0.93487425]
[-7.05123331e-05 -1.69689887e-02],[-7.05123330e-05 -9.99999998e-01]
[-0.03093709  0.25303012],[-0.03093215 -0.99952149]
[0.00942418 0.01184998],[ 0.00942404 -0.99995559]
[-0.00032542  0.02949242],[-3.25420915e-04 -9.99999947e-01]
[0.06430133 0.38707505],[ 0.06425702 -0.99793338]
[ 0.01759417 -0.20287133],[ 0.01759326 -0.99984523]
[ 0.01075189 -0.03985228],[ 0.01075168 -0.9999422 ]
[-0.10115918  0.84655177],[-0.10098674 -0.99488777]
[ 0.68942967 -0.45104852],[ 0.63609721 -0.77160893]
[-0.5229148 -0.9174762],[-0.49940755 -0.86636719]
[ 0.07216749 -0.31471126],[ 0.07210486 -0.99739706]
[-0.37044181  0.73774324],[-0.36202731 -0.93216749]
[ 0.0677021  -0.02783594],[ 0.06765039 -0.99770909]
[-0.10954847  0.29488279],[-0.10932949 -0.99400557]
[0.14822391 0.11263522],[ 0.14768175 -0.98903493]
[-0.01178973 -0.00135235],[-0.01178946 -0.9999305 ]
[-0.54025672 -0.81626077],[-0.51435617 -0.85757666]
[-0.00817331  0.02639703],[-0.00817322 -0.9999666 ]
[0.00530301 0.01681589],[ 0.00530298 -0.99998594]
[-0.01341755 -0.13170561],[-0.01341715 -0.99990999]
[-0.51306328 -0.54416525],[-0.49084841 -0.87124499]
[-0.0053405   0.00741062],[-0.00534047 -0.99998574]
[0.1350844  0.08731074],[ 0.13467394 -0.99088997]
[ 0.00089541 -0.02064915],[ 8.95410460e-04 -9.99999599e-01]
[-0.02218254  0.05852254],[-0.02218072 -0.99975398]
[-0.01536835  0.02685679],[-0.01536774 -0.99988191]
[ 0.00554443 -0.02630299],[ 0.0055444  -0.99998463]
[ 0.00555638 -0.00059042],[ 0.00555635 -0.99998456]
[0.02476032 0.03893312],[ 0.02475779 -0.99969348]
[0.20034502 0.48252498],[ 0.19900746 -0.97999797]
[0.55888789 0.92032551],[ 0.53024362 -0.84784533]
[0.44177973 1.40585321],[ 0.42754901 -0.90399217]
[ 0.00204275 -0.04159117],[ 0.00204275 -0.99999791]
[ 0.0144448 -0.0360677],[ 0.0144443  -0.99989568]
[-0.04054274 -0.31578535],[-0.04053164 -0.99917826]
[ 0.35751994 -1.35633779],[ 0.34995207 -0.93676761]
[-0.00857067  0.14513888],[-0.00857057 -0.99996327]
[-0.05479801  0.14409736],[-0.05477059 -0.99849896]
[-0.28734931  0.84907136],[-0.28341121 -0.95899848]
[-0.00852112  0.07670874],[-0.00852102 -0.9999637 ]
[ 0.41855714 -0.08906122],[ 0.40644257 -0.91367633]
[-0.03433501  0.08287665],[-0.03432827 -0.99941061]
[-0.05700712 -0.42365759],[-0.05697624 -0.99837553]
[-0.14164002  0.09736861],[-0.1411669  -0.98998581]
[0.01420307 0.07535715],[ 0.01420259 -0.99989914]
[0.01605517 0.12115364],[ 0.01605448 -0.99987112]
[ 0.06738574 -0.4763279 ],[ 0.06733475 -0.99773044]
[-0.00380859  0.02138146],[-0.00380858 -0.99999275]
[-0.14429109  0.41164584],[-0.14379093 -0.98960809]
[ 0.00483163 -0.01782901],[ 0.00483161 -0.99998833]
[-0.35573194  1.4746284 ],[-0.34827657 -0.93739182]
[ 0.00860544 -0.13781291],[ 0.00860534 -0.99996297]
[ 0.46242806 -0.14673224],[ 0.44612247 -0.89497192]
[0.00511655 0.05084403],[ 0.00511652 -0.99998691]
[ 0.02725892 -0.13161552],[ 0.02725555 -0.9996285 ]
[-0.00838066 -0.00769873],[-0.00838056 -0.99996488]
[0.01238363 0.00225328],[ 0.01238331 -0.99992332]
[0.01851332 0.00238239],[ 0.01851226 -0.99982863]
[ 0.01690753 -0.05726723],[ 0.01690673 -0.99985707]
[-0.18651935 -0.19033972],[-0.18543974 -0.98265564]
[-0.00523966  0.01176441],[-0.00523964 -0.99998627]
[-0.04043294 -0.08187466],[-0.04042193 -0.9991827 ]
[-0.01989216  0.21221463],[-0.01989085 -0.99980216]
[0.0349355  0.18608625],[ 0.03492839 -0.99938982]
[-0.00640989  0.01841117],[-0.00640985 -0.99997946]
[0.0396474 0.0368296],[ 0.03963701 -0.99921414]
[-0.07945684  0.43005586],[-0.07937326 -0.99684497]
[-0.00529535 -0.02558607],[-0.00529532 -0.99998598]
[-0.0212094   0.18903176],[-0.02120781 -0.99977509]
[ 0.08137871 -0.45584184],[ 0.08128891 -0.99669058]
[0.11942871 0.11298033],[ 0.11914501 -0.99287686]
[ 0.06049466 -0.03892542],[ 0.06045777 -0.99817076]
[-0.0035863  -0.01228763],[-0.00358629 -0.99999357]
[-0.27546431  0.31673799],[-0.27199377 -0.96229901]
[-0.08666829 -0.04335191],[-0.08655984 -0.99624665]
[-0.54108309 -1.55853262],[-0.51506466 -0.85715132]
[0.24705464 0.58221036],[ 0.2445491  -0.96963691]
[-0.22180829  1.01607103],[-0.21999397 -0.97550123]
[-0.06729539 -0.30934737],[-0.06724461 -0.99773652]
[-0.0020424  -0.01551093],[-0.0020424  -0.99999791]
[ 0.00933808 -0.01240008],[ 0.00933794 -0.9999564 ]
[-0.07843312  0.27572693],[-0.07835273 -0.9969257 ]
[0.00285657 0.02779168],[ 0.00285657 -0.99999592]
[ 0.12273541 -0.28110893],[ 0.1224275  -0.99247746]
[-0.08355597  0.08376622],[-0.08345877 -0.99651123]
[ 0.03577649 -0.11074409],[ 0.03576886 -0.99936009]
[-0.02060379 -0.03759582],[-0.02060234 -0.99978775]
[-0.00059948  0.08042058],[-5.99481999e-04 -9.99999820e-01]
[-0.0199728  -0.41416624],[-0.01997147 -0.99980055]
[ 0.00993509 -0.04180059],[ 0.00993492 -0.99995065]
[-0.11115502  0.35817114],[-0.11092627 -0.99382864]
[ 0.00913331 -0.00291531],[ 0.00913318 -0.99995829]
